"minPts","eps","Precision", "Recall","F1"
2,0.1,0.0067,1,0.0133108175225986
2,0.11,0.0067,1,0.0133108175225986
2,0.12,0.0067,1,0.0133108175225986
2,0.13,0.0067,1,0.0133108175225986
2,0.14,0.0067,1,0.0133108175225986
2,0.15,0.0067,1,0.0133108175225986
2,0.16,0.0067,1,0.0133108175225986
2,0.17,0.00670134026805361,1,0.0133134624937904
2,0.18,0.00670402241344807,1,0.0133187555908955
2,0.19,0.00671611868484362,1,0.0133426267051678
2,0.2,0.00672961028525512,1,0.0133692507233363
2,0.21,0.00674451379102074,1,0.0133986601339866
2,0.22,0.00676357762971936,1,0.0134362779504663
2,0.23,0.00677863213273978,1,0.0134659833182595
2,0.24,0.00682976554536188,1,0.0135668725321454
2,0.25,0.00688309019930142,1,0.0136720742781349
2,0.26,0.00696176226101413,1,0.0138272624084202
2,0.27,0.00706304026987139,1,0.0140270072228619
2,0.28,0.00719501718213058,1,0.0142872374453566
2,0.29,0.0073747936158503,1,0.0146416083916084
2,0.3,0.00760413119963682,1,0.0150934895246677
2,0.31,0.00788606403013183,1,0.0156487212425552
2,0.32,0.00828900160831375,1,0.016441717791411
2,0.33,0.0088146296539929,1,0.0174752217005738
2,0.34,0.00949277415698498,1,0.0188070175438596
2,0.35,0.0103506874710335,1,0.0204892966360856
2,0.36,0.0114863706497514,1,0.0227118644067797
2,0.37,0.0127290260366442,0.985074626865672,0.0251332825590251
2,0.38,0.0147849462365591,0.985074626865672,0.029132641800927
2,0.39,0.017046944662995,0.970149253731343,0.0335051546391753
2,0.4,0.0202182284980745,0.940298507462687,0.0395852968897267
2,0.41,0.0247446975648075,0.940298507462687,0.0482204362801378
2,0.42,0.0298953662182362,0.895522388059702,0.0578592092574735
2,0.43,0.0347085789129011,0.791044776119403,0.0664993726474278
2,0.44,0.0442553191489362,0.776119402985075,0.0837359098228663
2,0.45,0.0574324324324324,0.761194029850746,0.106806282722513
2,0.46,0.0714285714285714,0.716417910447761,0.129905277401894
2,0.47,0.0935550935550936,0.671641791044776,0.164233576642336
2,0.48,0.119402985074627,0.597014925373134,0.199004975124378
2,0.49,0.161157024793388,0.582089552238806,0.252427184466019
2,0.5,0.19672131147541,0.537313432835821,0.288
2,0.51,0.244274809160305,0.477611940298507,0.323232323232323
2,0.52,0.285714285714286,0.447761194029851,0.348837209302326
2,0.53,0.368421052631579,0.417910447761194,0.391608391608392
2,0.54,0.464285714285714,0.388059701492537,0.422764227642276
2,0.55,0.533333333333333,0.358208955223881,0.428571428571428
2,0.56,0.527777777777778,0.283582089552239,0.368932038834951
2,0.57,0.62962962962963,0.253731343283582,0.361702127659575
2,0.58,0.666666666666667,0.238805970149254,0.351648351648352
2,0.59,0.777777777777778,0.208955223880597,0.329411764705882
2,0.6,0.866666666666667,0.194029850746269,0.317073170731707
2,0.61,1,0.149253731343284,0.25974025974026
2,0.62,1,0.149253731343284,0.25974025974026
2,0.63,1,0.119402985074627,0.213333333333333
2,0.64,1,0.104477611940299,0.189189189189189
2,0.65,1,0.0895522388059701,0.164383561643836
2,0.66,1,0.0746268656716418,0.138888888888889
2,0.67,1,0.0746268656716418,0.138888888888889
2,0.68,1,0.0746268656716418,0.138888888888889
2,0.69,1,0.0597014925373134,0.112676056338028
2,0.7,1,0.0149253731343284,0.0294117647058824
2,0.71,1,0.0149253731343284,0.0294117647058824
2,0.72,1,0.0149253731343284,0.0294117647058824
2,0.73,1,0.0149253731343284,0.0294117647058824
2,0.74,1,0.0149253731343284,0.0294117647058824
2,0.75,1,0.0149253731343284,0.0294117647058824
2,0.76,1,0.0149253731343284,0.0294117647058824
2,0.77,1,0.0149253731343284,0.0294117647058824
2,0.78,1,0.0149253731343284,0.0294117647058824
2,0.79,1,0.0149253731343284,0.0294117647058824
2,0.8,1,0.0149253731343284,0.0294117647058824
3,0.1,0.0067,1,0.0133108175225986
3,0.11,0.0067,1,0.0133108175225986
3,0.12,0.0067,1,0.0133108175225986
3,0.13,0.0067,1,0.0133108175225986
3,0.14,0.0067,1,0.0133108175225986
3,0.15,0.0067,1,0.0133108175225986
3,0.16,0.0067,1,0.0133108175225986
3,0.17,0.0067,1,0.0133108175225986
3,0.18,0.0067,1,0.0133108175225986
3,0.19,0.0067,1,0.0133108175225986
3,0.2,0.0067,1,0.0133108175225986
3,0.21,0.0067,1,0.0133108175225986
3,0.22,0.0067,1,0.0133108175225986
3,0.23,0.0067,1,0.0133108175225986
3,0.24,0.0067,1,0.0133108175225986
3,0.25,0.00670804965959151,1,0.0133267031327698
3,0.26,0.00671611868484362,1,0.0133426267051678
3,0.27,0.00672555711704477,1,0.0133612523681324
3,0.28,0.00674315619967794,1,0.0133959812056383
3,0.29,0.00677246537956131,1,0.0134538152610442
3,0.3,0.006841621566425,1,0.0135902636916836
3,0.31,0.00693007860984692,1,0.0137647663071392
3,0.32,0.00705931935517859,1,0.014019669386901
3,0.33,0.00730404447836041,1,0.0145021645021645
3,0.34,0.00766765850308995,1,0.0152186257808064
3,0.35,0.00817571690054912,1,0.0162188332122973
3,0.36,0.00892262618191503,1,0.0176874340021119
3,0.37,0.00969020701805902,0.985074626865672,0.0191916254725211
3,0.38,0.0110924369747899,0.985074626865672,0.0219378427787934
3,0.39,0.0127931769722814,0.985074626865672,0.0252583237657865
3,0.4,0.0154639175257732,0.985074626865672,0.0304498269896194
3,0.41,0.0191748983149332,0.985074626865672,0.0376175548589342
3,0.42,0.0241545893719807,0.970149253731343,0.04713560551124
3,0.43,0.0298656047784968,0.895522388059702,0.0578034682080925
3,0.44,0.038025350233489,0.850746268656716,0.0727969348659004
3,0.45,0.0503533568904594,0.850746268656716,0.0950792326939116
3,0.46,0.0625,0.761194029850746,0.115515288788222
3,0.47,0.0834813499111901,0.701492537313433,0.149206349206349
3,0.48,0.110817941952507,0.626865671641791,0.188340807174888
3,0.49,0.150735294117647,0.611940298507463,0.24188790560472
3,0.5,0.193236714975845,0.597014925373134,0.291970802919708
3,0.51,0.248275862068966,0.537313432835821,0.339622641509434
3,0.52,0.278260869565217,0.477611940298507,0.351648351648352
3,0.53,0.35,0.417910447761194,0.380952380952381
3,0.54,0.448275862068966,0.388059701492537,0.416
3,0.55,0.533333333333333,0.358208955223881,0.428571428571428
3,0.56,0.527777777777778,0.283582089552239,0.368932038834951
3,0.57,0.62962962962963,0.253731343283582,0.361702127659575
3,0.58,0.666666666666667,0.238805970149254,0.351648351648352
3,0.59,0.8,0.238805970149254,0.367816091954023
3,0.6,0.882352941176471,0.223880597014925,0.357142857142857
3,0.61,1,0.208955223880597,0.345679012345679
3,0.62,1,0.208955223880597,0.345679012345679
3,0.63,1,0.149253731343284,0.25974025974026
3,0.64,1,0.104477611940299,0.189189189189189
3,0.65,1,0.0895522388059701,0.164383561643836
3,0.66,1,0.0746268656716418,0.138888888888889
3,0.67,1,0.0746268656716418,0.138888888888889
3,0.68,1,0.0746268656716418,0.138888888888889
3,0.69,1,0.0597014925373134,0.112676056338028
3,0.7,1,0.0149253731343284,0.0294117647058824
3,0.71,1,0.0149253731343284,0.0294117647058824
3,0.72,1,0.0149253731343284,0.0294117647058824
3,0.73,1,0.0149253731343284,0.0294117647058824
3,0.74,1,0.0149253731343284,0.0294117647058824
3,0.75,1,0.0149253731343284,0.0294117647058824
3,0.76,1,0.0149253731343284,0.0294117647058824
3,0.77,1,0.0149253731343284,0.0294117647058824
3,0.78,1,0.0149253731343284,0.0294117647058824
3,0.79,1,0.0149253731343284,0.0294117647058824
3,0.8,1,0.0149253731343284,0.0294117647058824
4,0.1,0.0067,1,0.0133108175225986
4,0.11,0.0067,1,0.0133108175225986
4,0.12,0.0067,1,0.0133108175225986
4,0.13,0.0067,1,0.0133108175225986
4,0.14,0.0067,1,0.0133108175225986
4,0.15,0.0067,1,0.0133108175225986
4,0.16,0.0067,1,0.0133108175225986
4,0.17,0.0067,1,0.0133108175225986
4,0.18,0.0067,1,0.0133108175225986
4,0.19,0.0067,1,0.0133108175225986
4,0.2,0.0067,1,0.0133108175225986
4,0.21,0.0067,1,0.0133108175225986
4,0.22,0.0067,1,0.0133108175225986
4,0.23,0.0067,1,0.0133108175225986
4,0.24,0.0067,1,0.0133108175225986
4,0.25,0.0067,1,0.0133108175225986
4,0.26,0.0067,1,0.0133108175225986
4,0.27,0.0067,1,0.0133108175225986
4,0.28,0.00670268107242897,1,0.013316108516347
4,0.29,0.00670804965959151,1,0.0133267031327698
4,0.3,0.00671948651088156,1,0.0133492727634987
4,0.31,0.00673705379587733,1,0.0133839392728726
4,0.32,0.00676494345718901,1,0.0134389730217631
4,0.33,0.00681933842239186,1,0.0135463000404367
4,0.34,0.00691720008259343,1,0.0137393622475136
4,0.35,0.00707347972972973,1,0.0140475940874305
4,0.36,0.00741396481133119,1,0.0147188049209139
4,0.37,0.00788142571462181,1,0.0156395891690009
4,0.38,0.00877307843394003,1,0.0173935617860852
4,0.39,0.0099406528189911,1,0.0196856177464375
4,0.4,0.0113577697470315,0.985074626865672,0.022456617897244
4,0.41,0.0137328339575531,0.985074626865672,0.0270880361173815
4,0.42,0.0170558908422986,0.970149253731343,0.0335224342444559
4,0.43,0.0221147201105736,0.955223880597015,0.0432286389733198
4,0.44,0.0291127541589649,0.940298507462687,0.0564769161810847
4,0.45,0.0381488430268918,0.91044776119403,0.0732292917166867
4,0.46,0.0478723404255319,0.805970149253731,0.0903765690376569
4,0.47,0.0651890482398957,0.746268656716418,0.119904076738609
4,0.48,0.0856031128404669,0.656716417910448,0.151462994836489
4,0.49,0.11864406779661,0.626865671641791,0.199524940617577
4,0.5,0.164705882352941,0.626865671641791,0.260869565217391
4,0.51,0.216374269005848,0.552238805970149,0.310924369747899
4,0.52,0.277777777777778,0.522388059701492,0.362694300518135
4,0.53,0.35632183908046,0.462686567164179,0.402597402597403
4,0.54,0.453125,0.432835820895522,0.442748091603053
4,0.55,0.5625,0.402985074626866,0.469565217391304
4,0.56,0.564102564102564,0.328358208955224,0.415094339622641
4,0.57,0.642857142857143,0.26865671641791,0.378947368421053
4,0.58,0.68,0.253731343283582,0.369565217391304
4,0.59,0.8,0.238805970149254,0.367816091954023
4,0.6,0.882352941176471,0.223880597014925,0.357142857142857
4,0.61,1,0.208955223880597,0.345679012345679
4,0.62,1,0.208955223880597,0.345679012345679
4,0.63,1,0.194029850746269,0.325
4,0.64,1,0.134328358208955,0.236842105263158
4,0.65,1,0.104477611940299,0.189189189189189
4,0.66,1,0.0746268656716418,0.138888888888889
4,0.67,1,0.0746268656716418,0.138888888888889
4,0.68,1,0.0746268656716418,0.138888888888889
4,0.69,1,0.0597014925373134,0.112676056338028
4,0.7,1,0.0149253731343284,0.0294117647058824
4,0.71,1,0.0149253731343284,0.0294117647058824
4,0.72,1,0.0149253731343284,0.0294117647058824
4,0.73,1,0.0149253731343284,0.0294117647058824
4,0.74,1,0.0149253731343284,0.0294117647058824
4,0.75,1,0.0149253731343284,0.0294117647058824
4,0.76,1,0.0149253731343284,0.0294117647058824
4,0.77,1,0.0149253731343284,0.0294117647058824
4,0.78,1,0.0149253731343284,0.0294117647058824
4,0.79,1,0.0149253731343284,0.0294117647058824
4,0.8,1,0.0149253731343284,0.0294117647058824
5,0.1,0.0067,1,0.0133108175225986
5,0.11,0.0067,1,0.0133108175225986
5,0.12,0.0067,1,0.0133108175225986
5,0.13,0.0067,1,0.0133108175225986
5,0.14,0.0067,1,0.0133108175225986
5,0.15,0.0067,1,0.0133108175225986
5,0.16,0.0067,1,0.0133108175225986
5,0.17,0.0067,1,0.0133108175225986
5,0.18,0.0067,1,0.0133108175225986
5,0.19,0.0067,1,0.0133108175225986
5,0.2,0.0067,1,0.0133108175225986
5,0.21,0.0067,1,0.0133108175225986
5,0.22,0.0067,1,0.0133108175225986
5,0.23,0.0067,1,0.0133108175225986
5,0.24,0.0067,1,0.0133108175225986
5,0.25,0.0067,1,0.0133108175225986
5,0.26,0.0067,1,0.0133108175225986
5,0.27,0.0067,1,0.0133108175225986
5,0.28,0.0067,1,0.0133108175225986
5,0.29,0.0067,1,0.0133108175225986
5,0.3,0.0067,1,0.0133108175225986
5,0.31,0.00670335167583792,1,0.0133174319220831
5,0.32,0.00670335167583792,1,0.0133174319220831
5,0.33,0.00672420714572461,1,0.0133585883760343
5,0.34,0.00674179915475951,1,0.0133933033483258
5,0.35,0.00677451971688574,1,0.0134578688359948
5,0.36,0.00687743789776227,1,0.0136609236415537
5,0.37,0.00706155143338954,1,0.0140240711669283
5,0.38,0.00742876150349263,1,0.0147479639005063
5,0.39,0.0081340293796285,1,0.0161368015414258
5,0.4,0.00919824272377814,1,0.0182288124064753
5,0.41,0.0105566218809981,0.985074626865672,0.0208893812312075
5,0.42,0.0125847047434656,0.970149253731343,0.0248470948012232
5,0.43,0.0156517485937882,0.955223880597015,0.0307988450433109
5,0.44,0.0206052801030264,0.955223880597015,0.0403403718878033
5,0.45,0.0275310834813499,0.925373134328358,0.0534713238464856
5,0.46,0.0339296730413325,0.82089552238806,0.0651658767772512
5,0.47,0.0477941176470588,0.776119402985075,0.09004329004329
5,0.48,0.0622406639004149,0.671641791044776,0.113924050632911
5,0.49,0.0912951167728238,0.641791044776119,0.159851301115242
5,0.5,0.131498470948012,0.641791044776119,0.218274111675127
5,0.51,0.189320388349515,0.582089552238806,0.285714285714286
5,0.52,0.244897959183673,0.537313432835821,0.336448598130841
5,0.53,0.346938775510204,0.507462686567164,0.412121212121212
5,0.54,0.445945945945946,0.492537313432836,0.468085106382979
5,0.55,0.551020408163265,0.402985074626866,0.46551724137931
5,0.56,0.55,0.328358208955224,0.411214953271028
5,0.57,0.645161290322581,0.298507462686567,0.408163265306122
5,0.58,0.703703703703704,0.283582089552239,0.404255319148936
5,0.59,0.826086956521739,0.283582089552239,0.422222222222222
5,0.6,0.888888888888889,0.238805970149254,0.376470588235294
5,0.61,1,0.208955223880597,0.345679012345679
5,0.62,1,0.208955223880597,0.345679012345679
5,0.63,1,0.194029850746269,0.325
5,0.64,1,0.164179104477612,0.282051282051282
5,0.65,1,0.134328358208955,0.236842105263158
5,0.66,1,0.0895522388059701,0.164383561643836
5,0.67,1,0.0895522388059701,0.164383561643836
5,0.68,1,0.0746268656716418,0.138888888888889
5,0.69,1,0.0597014925373134,0.112676056338028
5,0.7,1,0.0149253731343284,0.0294117647058824
5,0.71,1,0.0149253731343284,0.0294117647058824
5,0.72,1,0.0149253731343284,0.0294117647058824
5,0.73,1,0.0149253731343284,0.0294117647058824
5,0.74,1,0.0149253731343284,0.0294117647058824
5,0.75,1,0.0149253731343284,0.0294117647058824
5,0.76,1,0.0149253731343284,0.0294117647058824
5,0.77,1,0.0149253731343284,0.0294117647058824
5,0.78,1,0.0149253731343284,0.0294117647058824
5,0.79,1,0.0149253731343284,0.0294117647058824
5,0.8,1,0.0149253731343284,0.0294117647058824
6,0.1,0.0067,1,0.0133108175225986
6,0.11,0.0067,1,0.0133108175225986
6,0.12,0.0067,1,0.0133108175225986
6,0.13,0.0067,1,0.0133108175225986
6,0.14,0.0067,1,0.0133108175225986
6,0.15,0.0067,1,0.0133108175225986
6,0.16,0.0067,1,0.0133108175225986
6,0.17,0.0067,1,0.0133108175225986
6,0.18,0.0067,1,0.0133108175225986
6,0.19,0.0067,1,0.0133108175225986
6,0.2,0.0067,1,0.0133108175225986
6,0.21,0.0067,1,0.0133108175225986
6,0.22,0.0067,1,0.0133108175225986
6,0.23,0.0067,1,0.0133108175225986
6,0.24,0.0067,1,0.0133108175225986
6,0.25,0.0067,1,0.0133108175225986
6,0.26,0.0067,1,0.0133108175225986
6,0.27,0.0067,1,0.0133108175225986
6,0.28,0.0067,1,0.0133108175225986
6,0.29,0.0067,1,0.0133108175225986
6,0.3,0.0067,1,0.0133108175225986
6,0.31,0.0067,1,0.0133108175225986
6,0.32,0.0067,1,0.0133108175225986
6,0.33,0.00670402241344807,1,0.0133187555908955
6,0.34,0.00670804965959151,1,0.0133267031327698
6,0.35,0.00671208174714486,1,0.0133346601651906
6,0.36,0.00673231511254019,1,0.0133745882822637
6,0.37,0.00679168778509883,1,0.013491743858236
6,0.38,0.00696031581134428,1,0.0138244093675849
6,0.39,0.0072440263812304,1,0.0143838557320739
6,0.4,0.00783625730994152,1,0.0155506556806313
6,0.41,0.00884138295064661,1,0.0175277959450621
6,0.42,0.0102167182662539,0.985074626865672,0.020223686226444
6,0.43,0.0123195380173243,0.955223880597015,0.024325351577347
6,0.44,0.0156059497683492,0.955223880597015,0.0307101727447217
6,0.45,0.0208264462809917,0.940298507462687,0.0407503234152652
6,0.46,0.0262551819438047,0.850746268656716,0.0509383378016086
6,0.47,0.037137069547603,0.82089552238806,0.0710594315245478
6,0.48,0.048804780876494,0.73134328358209,0.0915032679738562
6,0.49,0.0671641791044776,0.671641791044776,0.122116689280868
6,0.5,0.105386416861827,0.671641791044776,0.182186234817814
6,0.51,0.165289256198347,0.597014925373134,0.258899676375405
6,0.52,0.226190476190476,0.567164179104478,0.323404255319149
6,0.53,0.301724137931034,0.522388059701492,0.382513661202186
6,0.54,0.417721518987342,0.492537313432836,0.452054794520548
6,0.55,0.53448275862069,0.462686567164179,0.496
6,0.56,0.543478260869565,0.373134328358209,0.442477876106195
6,0.57,0.647058823529412,0.328358208955224,0.435643564356436
6,0.58,0.714285714285714,0.298507462686567,0.421052631578947
6,0.59,0.826086956521739,0.283582089552239,0.422222222222222
6,0.6,0.888888888888889,0.238805970149254,0.376470588235294
6,0.61,0.933333333333333,0.208955223880597,0.341463414634146
6,0.62,1,0.208955223880597,0.345679012345679
6,0.63,1,0.194029850746269,0.325
6,0.64,1,0.164179104477612,0.282051282051282
6,0.65,1,0.134328358208955,0.236842105263158
6,0.66,1,0.0895522388059701,0.164383561643836
6,0.67,1,0.0895522388059701,0.164383561643836
6,0.68,1,0.0895522388059701,0.164383561643836
6,0.69,1,0.0746268656716418,0.138888888888889
6,0.7,1,0.0298507462686567,0.0579710144927536
6,0.71,1,0.0149253731343284,0.0294117647058824
6,0.72,1,0.0149253731343284,0.0294117647058824
6,0.73,1,0.0149253731343284,0.0294117647058824
6,0.74,1,0.0149253731343284,0.0294117647058824
6,0.75,1,0.0149253731343284,0.0294117647058824
6,0.76,1,0.0149253731343284,0.0294117647058824
6,0.77,1,0.0149253731343284,0.0294117647058824
6,0.78,1,0.0149253731343284,0.0294117647058824
6,0.79,1,0.0149253731343284,0.0294117647058824
6,0.8,1,0.0149253731343284,0.0294117647058824
7,0.1,0.0067,1,0.0133108175225986
7,0.11,0.0067,1,0.0133108175225986
7,0.12,0.0067,1,0.0133108175225986
7,0.13,0.0067,1,0.0133108175225986
7,0.14,0.0067,1,0.0133108175225986
7,0.15,0.0067,1,0.0133108175225986
7,0.16,0.0067,1,0.0133108175225986
7,0.17,0.0067,1,0.0133108175225986
7,0.18,0.0067,1,0.0133108175225986
7,0.19,0.0067,1,0.0133108175225986
7,0.2,0.0067,1,0.0133108175225986
7,0.21,0.0067,1,0.0133108175225986
7,0.22,0.0067,1,0.0133108175225986
7,0.23,0.0067,1,0.0133108175225986
7,0.24,0.0067,1,0.0133108175225986
7,0.25,0.0067,1,0.0133108175225986
7,0.26,0.0067,1,0.0133108175225986
7,0.27,0.0067,1,0.0133108175225986
7,0.28,0.0067,1,0.0133108175225986
7,0.29,0.0067,1,0.0133108175225986
7,0.3,0.0067,1,0.0133108175225986
7,0.31,0.0067,1,0.0133108175225986
7,0.32,0.0067,1,0.0133108175225986
7,0.33,0.0067,1,0.0133108175225986
7,0.34,0.0067,1,0.0133108175225986
7,0.35,0.0067,1,0.0133108175225986
7,0.36,0.0067,1,0.0133108175225986
7,0.37,0.00671881267549138,1,0.0133479430222134
7,0.38,0.00679995940322744,1,0.013508064516129
7,0.39,0.00694948656778342,1,0.0138030490317264
7,0.4,0.00715659047212134,1,0.0142114752359741
7,0.41,0.00767644362969752,1,0.0152359295054008
7,0.42,0.00876275176562909,1,0.0173732659146895
7,0.43,0.010087116001834,0.985074626865672,0.0199697428139183
7,0.44,0.012509622786759,0.970149253731343,0.0247007410222307
7,0.45,0.0160320641282565,0.955223880597015,0.0315348608031535
7,0.46,0.0197278911564626,0.865671641791045,0.0385766544728966
7,0.47,0.0279860069965017,0.835820895522388,0.0541586073500967
7,0.48,0.0379746835443038,0.761194029850746,0.0723404255319149
7,0.49,0.0525714285714286,0.686567164179104,0.0976645435244161
7,0.5,0.0766609880749574,0.671641791044776,0.137614678899083
7,0.51,0.119533527696793,0.611940298507463,0.2
7,0.52,0.171806167400881,0.582089552238806,0.26530612244898
7,0.53,0.258741258741259,0.552238805970149,0.352380952380952
7,0.54,0.343434343434343,0.507462686567164,0.409638554216868
7,0.55,0.464788732394366,0.492537313432836,0.478260869565217
7,0.56,0.509433962264151,0.402985074626866,0.45
7,0.57,0.564102564102564,0.328358208955224,0.415094339622641
7,0.58,0.7,0.313432835820896,0.43298969072165
7,0.59,0.791666666666667,0.283582089552239,0.417582417582418
7,0.6,0.888888888888889,0.238805970149254,0.376470588235294
7,0.61,0.933333333333333,0.208955223880597,0.341463414634146
7,0.62,1,0.208955223880597,0.345679012345679
7,0.63,1,0.194029850746269,0.325
7,0.64,1,0.164179104477612,0.282051282051282
7,0.65,1,0.134328358208955,0.236842105263158
7,0.66,1,0.104477611940299,0.189189189189189
7,0.67,1,0.0895522388059701,0.164383561643836
7,0.68,1,0.0895522388059701,0.164383561643836
7,0.69,1,0.0746268656716418,0.138888888888889
7,0.7,1,0.0298507462686567,0.0579710144927536
7,0.71,1,0.0298507462686567,0.0579710144927536
7,0.72,1,0.0298507462686567,0.0579710144927536
7,0.73,1,0.0149253731343284,0.0294117647058824
7,0.74,1,0.0149253731343284,0.0294117647058824
7,0.75,1,0.0149253731343284,0.0294117647058824
7,0.76,1,0.0149253731343284,0.0294117647058824
7,0.77,1,0.0149253731343284,0.0294117647058824
7,0.78,1,0.0149253731343284,0.0294117647058824
7,0.79,1,0.0149253731343284,0.0294117647058824
7,0.8,1,0.0149253731343284,0.0294117647058824
8,0.1,0.0067,1,0.0133108175225986
8,0.11,0.0067,1,0.0133108175225986
8,0.12,0.0067,1,0.0133108175225986
8,0.13,0.0067,1,0.0133108175225986
8,0.14,0.0067,1,0.0133108175225986
8,0.15,0.0067,1,0.0133108175225986
8,0.16,0.0067,1,0.0133108175225986
8,0.17,0.0067,1,0.0133108175225986
8,0.18,0.0067,1,0.0133108175225986
8,0.19,0.0067,1,0.0133108175225986
8,0.2,0.0067,1,0.0133108175225986
8,0.21,0.0067,1,0.0133108175225986
8,0.22,0.0067,1,0.0133108175225986
8,0.23,0.0067,1,0.0133108175225986
8,0.24,0.0067,1,0.0133108175225986
8,0.25,0.0067,1,0.0133108175225986
8,0.26,0.0067,1,0.0133108175225986
8,0.27,0.0067,1,0.0133108175225986
8,0.28,0.0067,1,0.0133108175225986
8,0.29,0.0067,1,0.0133108175225986
8,0.3,0.0067,1,0.0133108175225986
8,0.31,0.0067,1,0.0133108175225986
8,0.32,0.0067,1,0.0133108175225986
8,0.33,0.0067,1,0.0133108175225986
8,0.34,0.0067,1,0.0133108175225986
8,0.35,0.0067,1,0.0133108175225986
8,0.36,0.0067,1,0.0133108175225986
8,0.37,0.0067,1,0.0133108175225986
8,0.38,0.0067,1,0.0133108175225986
8,0.39,0.00680548501777552,1,0.0135189669087974
8,0.4,0.00691648601218127,1,0.0137379536600369
8,0.41,0.00717191179618925,1,0.0142416834945265
8,0.42,0.00779160367484591,1,0.0154627279021463
8,0.43,0.00880651945320715,1,0.0174592833876221
8,0.44,0.0105871029836381,0.985074626865672,0.0209490557054436
8,0.45,0.0131632239773188,0.970149253731343,0.025974025974026
8,0.46,0.0162162162162162,0.895522388059702,0.0318555880010619
8,0.47,0.0229445506692161,0.895522388059702,0.0447427293064877
8,0.48,0.0311262026032824,0.82089552238806,0.0599781897491821
8,0.49,0.0415254237288136,0.73134328358209,0.078588612670409
8,0.5,0.0605263157894737,0.686567164179104,0.111245465538089
8,0.51,0.0907127429805616,0.626865671641791,0.158490566037736
8,0.52,0.146520146520147,0.597014925373134,0.235294117647059
8,0.53,0.209039548022599,0.552238805970149,0.30327868852459
8,0.54,0.310344827586207,0.537313432835821,0.39344262295082
8,0.55,0.392857142857143,0.492537313432836,0.437086092715232
8,0.56,0.435483870967742,0.402985074626866,0.418604651162791
8,0.57,0.547619047619048,0.343283582089552,0.422018348623853
8,0.58,0.617647058823529,0.313432835820896,0.415841584158416
8,0.59,0.769230769230769,0.298507462686567,0.43010752688172
8,0.6,0.85,0.253731343283582,0.390804597701149
8,0.61,0.9375,0.223880597014925,0.36144578313253
8,0.62,1,0.223880597014925,0.365853658536585
8,0.63,1,0.194029850746269,0.325
8,0.64,1,0.164179104477612,0.282051282051282
8,0.65,1,0.134328358208955,0.236842105263158
8,0.66,1,0.104477611940299,0.189189189189189
8,0.67,1,0.104477611940299,0.189189189189189
8,0.68,1,0.0895522388059701,0.164383561643836
8,0.69,1,0.0746268656716418,0.138888888888889
8,0.7,1,0.0298507462686567,0.0579710144927536
8,0.71,1,0.0298507462686567,0.0579710144927536
8,0.72,1,0.0298507462686567,0.0579710144927536
8,0.73,1,0.0149253731343284,0.0294117647058824
8,0.74,1,0.0149253731343284,0.0294117647058824
8,0.75,1,0.0149253731343284,0.0294117647058824
8,0.76,1,0.0149253731343284,0.0294117647058824
8,0.77,1,0.0149253731343284,0.0294117647058824
8,0.78,1,0.0149253731343284,0.0294117647058824
8,0.79,1,0.0149253731343284,0.0294117647058824
8,0.8,1,0.0149253731343284,0.0294117647058824
9,0.1,0.0067,1,0.0133108175225986
9,0.11,0.0067,1,0.0133108175225986
9,0.12,0.0067,1,0.0133108175225986
9,0.13,0.0067,1,0.0133108175225986
9,0.14,0.0067,1,0.0133108175225986
9,0.15,0.0067,1,0.0133108175225986
9,0.16,0.0067,1,0.0133108175225986
9,0.17,0.0067,1,0.0133108175225986
9,0.18,0.0067,1,0.0133108175225986
9,0.19,0.0067,1,0.0133108175225986
9,0.2,0.0067,1,0.0133108175225986
9,0.21,0.0067,1,0.0133108175225986
9,0.22,0.0067,1,0.0133108175225986
9,0.23,0.0067,1,0.0133108175225986
9,0.24,0.0067,1,0.0133108175225986
9,0.25,0.0067,1,0.0133108175225986
9,0.26,0.0067,1,0.0133108175225986
9,0.27,0.0067,1,0.0133108175225986
9,0.28,0.0067,1,0.0133108175225986
9,0.29,0.0067,1,0.0133108175225986
9,0.3,0.0067,1,0.0133108175225986
9,0.31,0.0067,1,0.0133108175225986
9,0.32,0.0067,1,0.0133108175225986
9,0.33,0.0067,1,0.0133108175225986
9,0.34,0.0067,1,0.0133108175225986
9,0.35,0.0067,1,0.0133108175225986
9,0.36,0.0067,1,0.0133108175225986
9,0.37,0.0067,1,0.0133108175225986
9,0.38,0.0067,1,0.0133108175225986
9,0.39,0.00671208174714486,1,0.0133346601651906
9,0.4,0.00678137651821862,1,0.0134713984115814
9,0.41,0.00690081367803069,1,0.0137070376432079
9,0.42,0.00718729886290496,1,0.0142720204494621
9,0.43,0.00794592030360531,1,0.0157665607718555
9,0.44,0.00932109070673344,1,0.0184700206753963
9,0.45,0.0114745675629389,1,0.022688791059939
9,0.46,0.014022787028922,0.955223880597015,0.0276398186136903
9,0.47,0.0186658506731946,0.91044776119403,0.0365817091454273
9,0.48,0.0251346499102334,0.835820895522388,0.04880174291939
9,0.49,0.034983498349835,0.791044776119403,0.0670037926675095
9,0.5,0.0492462311557789,0.73134328358209,0.0922787193973635
9,0.51,0.075,0.671641791044776,0.134932533733133
9,0.52,0.110215053763441,0.611940298507463,0.186788154897494
9,0.53,0.164502164502165,0.567164179104478,0.25503355704698
9,0.54,0.25531914893617,0.537313432835821,0.346153846153846
9,0.55,0.353535353535354,0.522388059701492,0.421686746987952
9,0.56,0.411764705882353,0.417910447761194,0.414814814814815
9,0.57,0.489795918367347,0.358208955223881,0.413793103448276
9,0.58,0.564102564102564,0.328358208955224,0.415094339622641
9,0.59,0.724137931034483,0.313432835820896,0.4375
9,0.6,0.833333333333333,0.298507462686567,0.439560439560439
9,0.61,0.882352941176471,0.223880597014925,0.357142857142857
9,0.62,1,0.223880597014925,0.365853658536585
9,0.63,1,0.194029850746269,0.325
9,0.64,1,0.164179104477612,0.282051282051282
9,0.65,1,0.134328358208955,0.236842105263158
9,0.66,1,0.104477611940299,0.189189189189189
9,0.67,1,0.104477611940299,0.189189189189189
9,0.68,1,0.104477611940299,0.189189189189189
9,0.69,1,0.0895522388059701,0.164383561643836
9,0.7,1,0.0298507462686567,0.0579710144927536
9,0.71,1,0.0298507462686567,0.0579710144927536
9,0.72,1,0.0298507462686567,0.0579710144927536
9,0.73,1,0.0298507462686567,0.0579710144927536
9,0.74,1,0.0149253731343284,0.0294117647058824
9,0.75,1,0.0149253731343284,0.0294117647058824
9,0.76,1,0.0149253731343284,0.0294117647058824
9,0.77,1,0.0149253731343284,0.0294117647058824
9,0.78,1,0.0149253731343284,0.0294117647058824
9,0.79,1,0.0149253731343284,0.0294117647058824
9,0.8,1,0.0149253731343284,0.0294117647058824
10,0.1,0.0067,1,0.0133108175225986
10,0.11,0.0067,1,0.0133108175225986
10,0.12,0.0067,1,0.0133108175225986
10,0.13,0.0067,1,0.0133108175225986
10,0.14,0.0067,1,0.0133108175225986
10,0.15,0.0067,1,0.0133108175225986
10,0.16,0.0067,1,0.0133108175225986
10,0.17,0.0067,1,0.0133108175225986
10,0.18,0.0067,1,0.0133108175225986
10,0.19,0.0067,1,0.0133108175225986
10,0.2,0.0067,1,0.0133108175225986
10,0.21,0.0067,1,0.0133108175225986
10,0.22,0.0067,1,0.0133108175225986
10,0.23,0.0067,1,0.0133108175225986
10,0.24,0.0067,1,0.0133108175225986
10,0.25,0.0067,1,0.0133108175225986
10,0.26,0.0067,1,0.0133108175225986
10,0.27,0.0067,1,0.0133108175225986
10,0.28,0.0067,1,0.0133108175225986
10,0.29,0.0067,1,0.0133108175225986
10,0.3,0.0067,1,0.0133108175225986
10,0.31,0.0067,1,0.0133108175225986
10,0.32,0.0067,1,0.0133108175225986
10,0.33,0.0067,1,0.0133108175225986
10,0.34,0.0067,1,0.0133108175225986
10,0.35,0.0067,1,0.0133108175225986
10,0.36,0.0067,1,0.0133108175225986
10,0.37,0.0067,1,0.0133108175225986
10,0.38,0.0067,1,0.0133108175225986
10,0.39,0.0067,1,0.0133108175225986
10,0.4,0.00672690763052209,1,0.013363917422958
10,0.41,0.00680479382490351,1,0.0135176031473822
10,0.42,0.00697117885755905,1,0.0138458359165117
10,0.43,0.00739024928303552,1,0.0146720683236614
10,0.44,0.00834059504543757,1,0.0165432098765432
10,0.45,0.00986745213549337,1,0.019542073793204
10,0.46,0.012043795620438,0.985074626865672,0.0237966468361276
10,0.47,0.0155824882512985,0.940298507462687,0.0306569343065693
10,0.48,0.0205933682373473,0.880597014925373,0.0402455661664393
10,0.49,0.0295826730058109,0.835820895522388,0.0571428571428571
10,0.5,0.0429777436684574,0.835820895522388,0.0817518248175182
10,0.51,0.0581542351453856,0.686567164179104,0.107226107226107
10,0.52,0.091304347826087,0.626865671641791,0.159392789373814
10,0.53,0.129568106312292,0.582089552238806,0.21195652173913
10,0.54,0.214285714285714,0.537313432835821,0.306382978723404
10,0.55,0.324074074074074,0.522388059701492,0.4
10,0.56,0.376623376623377,0.432835820895522,0.402777777777778
10,0.57,0.444444444444444,0.358208955223881,0.396694214876033
10,0.58,0.522727272727273,0.343283582089552,0.414414414414414
10,0.59,0.709677419354839,0.328358208955224,0.448979591836735
10,0.6,0.8,0.298507462686567,0.434782608695652
10,0.61,0.894736842105263,0.253731343283582,0.395348837209302
10,0.62,1,0.223880597014925,0.365853658536585
10,0.63,1,0.208955223880597,0.345679012345679
10,0.64,1,0.164179104477612,0.282051282051282
10,0.65,1,0.134328358208955,0.236842105263158
10,0.66,1,0.104477611940299,0.189189189189189
10,0.67,1,0.104477611940299,0.189189189189189
10,0.68,1,0.104477611940299,0.189189189189189
10,0.69,1,0.104477611940299,0.189189189189189
10,0.7,1,0.0447761194029851,0.0857142857142857
10,0.71,1,0.0298507462686567,0.0579710144927536
10,0.72,1,0.0298507462686567,0.0579710144927536
10,0.73,1,0.0298507462686567,0.0579710144927536
10,0.74,1,0.0149253731343284,0.0294117647058824
10,0.75,1,0.0149253731343284,0.0294117647058824
10,0.76,1,0.0149253731343284,0.0294117647058824
10,0.77,1,0.0149253731343284,0.0294117647058824
10,0.78,1,0.0149253731343284,0.0294117647058824
10,0.79,1,0.0149253731343284,0.0294117647058824
10,0.8,1,0.0149253731343284,0.0294117647058824
